{
    "0": "Fiona",
    "1": "\u4eac\u4e4b\u83ef",
    "2": "\u5341\u4e8c\u4e4b\u5377",
    "3": "\u5343\u4f5b\u624b",
    "4": "\u53cd\u8449\u77f3\u84ee",
    "5": "\u5409\u5a03\u84ee",
    "6": "\u58a8\u897f\u54e5\u96ea\u7403",
    "7": "\u59ec\u6727\u6708",
    "8": "\u5be6\u751f\u767e\u5408",
    "9": "\u6708\u8033\u5154",
    "10": "\u6771\u96f2",
    "11": "\u6843\u86cb",
    "12": "\u6c99\u6f20\u73ab\u7470",
    "13": "\u706b\u796d",
    "14": "\u718a\u7ae5\u5b50",
    "15": "\u71e6\u721b\u84ee\u82b1\u638c",
    "16": "\u745e\u96f2\u4ed9\u4eba\u7403",
    "17": "\u767d\u7261\u4e39",
    "18": "\u8718\u86db\u9577\u751f\u82b1",
    "19": "\u89c0\u97f3\u84ee\u5377\u7d79",
    "20": "\u91d1\u7425\u77f3\u5316",
    "21": "\u9280\u4e4b\u9234",
    "22": "\u9326\u53f8\u6643",
    "23": "\u96c5\u6a02\u4e4b\u821e",
    "24": "\u96ea\u5154-\u9e97\u5a1c\u84ee",
    "25": "\u9e7f\u89d2\u6d77\u68e0",
    "26": "\u9edb\u6bd4"
}